SCORE,Risco,Motivos_Risco,Simbolo,Rede,Preco_USD,Liquidez_USD,Volume_24h,Var_1h_%,Var_6h_%,MCap_USD,Idade_horas,Buys_1h,Sells_1h,Contrato,DexScreener,Motivos_Score
133,OK,Nenhum,TEST,robinhood,0.0001363,33793.83,687593.26,15.46,157.0,136321.0,2.1,436.0,325.0,0xd00D0419651C893e8C04edf5E0e074E950C370D3,https://dexscreener.com/robinhood/0xbccec0b1e6a51fe922883ac0c0b3eecdcee6e5037ad8c56ddff4cb6750325f63,Liquidez sweet spot (+25) | Alta atividade (x20.3) (+30) | Momentum saudável (15.5%) (+20) | Idade boa (2.1h) (+15)
110,RISCO,Muito novo (1.8h),SꓘNO⊥S,solana,0.000125,32202.34,137112.58,41.96,175.0,125086.0,1.8,467.0,275.0,5abwq2Co7YoKMGhHbJjvPn7XAkPTorQbxTegkghs35Tn,https://dexscreener.com/solana/83ju4kyime2washinehtpofinavoij4hccncchw7y9we,Liquidez sweet spot (+25) | Alta atividade (x4.3) (+30) | Momentum saudável (42.0%) (+20)
101,OK,Nenhum,Balltze,solana,3.651e-05,15648.12,20709.12,47.09,103.0,36511.0,47.9,23.0,13.0,G2Ym2fjro1Bg3agz5cGJmBG2wCnMiaGMTNgWqBSSG14f,https://dexscreener.com/solana/9v6frbsszcezjprt4wnflecutfibmst6teyrbxfbfkuy,Liquidez sweet spot (+25) | Idade boa (47.9h) (+15)
99,OK,Nenhum,INU,robinhood,3.698e-05,34438.75,15278.41,15.86,83.54,36987.0,3.1,24.0,30.0,0x63Ee32Ac3077d1fbd8a77eBBA2a6ed4b8e9c1e18,https://dexscreener.com/robinhood/0x7e271c400427ecb727f5fbb27dec69254bce7c4219e95e3535d0ed128f79648a,Liquidez sweet spot (+25) | Momentum saudável (15.9%) (+20) | Idade boa (3.1h) (+15)
90,RISCO,Muito novo (0.8h),CAT,solana,4.563e-05,17934.0,82538.68,7.35,7.35,45631.0,0.8,592.0,403.0,778BKhFmez298d52TceSTDBEA6tHiUPGJt7FrDGbSTNK,https://dexscreener.com/solana/2jhc8is8oqyvxh7lvpeqbhwa4vslpshekibmrym6b4s6,Liquidez sweet spot (+25) | Alta atividade (x4.6) (+30) | Momentum saudável (7.3%) (+20)
86,RISCO,Pump extremo 1h (249%),HUD,hyperevm,2.287e-05,16077.58,21796.78,249.0,329.0,21957.0,3.4,32.0,8.0,0x12494229Eb04ec88931F7EA02ecF544d6560D999,https://dexscreener.com/hyperevm/0x653709f60b3f53c69711266634a9694031ff5d29,Liquidez sweet spot (+25) | Idade boa (3.4h) (+15)
78,RISCO,Muito novo (0.3h),SEXFLY,robinhood,8.923e-05,27351.42,414828.0,69.14,69.14,89236.0,0.3,2606.0,1621.0,0x8fEa9Eda9Fd7bf5241C58266844e67f0b6fc0d57,https://dexscreener.com/robinhood/0xc6f5df7360b4254360ac4cb7c736e32d42ffe239a5416e34b4ee7bfabac340da,Liquidez sweet spot (+25) | Alta atividade (x15.2) (+30)
78,RISCO,Muito novo (0.2h),Faucet,solana,7.33e-05,21362.12,236755.37,79.48,79.48,73305.0,0.2,3189.0,2672.0,6XfTbCAVRrgjLYxSSeBgr17JZhBU2ksmoM9mqCwCpump,https://dexscreener.com/solana/5hryw34e2crtkopw32bf2peag4xbxs2j5dzhdl4vbm1c,Liquidez sweet spot (+25) | Alta atividade (x11.1) (+30)
77,OK,Nenhum,STONKFLY,base,4.439e-06,173063.11,1943863.87,-7.38,133.0,443990.0,14.7,93.0,214.0,0x9b83C2f3c1975bF4b6cc04F8d3F6Bc1E98e38ba3,https://dexscreener.com/base/0x44acda02fdfc8ecaace6fefd1c77b1c0b981ab92f10c00619b0ec5fdb74ccd3b,Liquidez sweet spot (+25) | Alta atividade (x11.2) (+30) | Idade boa (14.7h) (+15)
75,RISCO,Muito novo (0.8h) | Pump extremo 1h (1318%),TOGE,robinhood,0.0001731,79858.33,461034.25,1318.0,1318.0,173194.0,0.8,795.0,436.0,0x6e78419338ce15a4125e9088a503ea7C85AdcD1c,https://dexscreener.com/robinhood/0x8e29858a8ea2d12ae8ac5d0754b224b527999e76,Liquidez sweet spot (+25) | Alta atividade (x5.8) (+30)
70,RISCO,Muito novo (1.7h),MISTAKE,solana,0.0004751,57207.74,498930.41,67.4,727.0,457553.0,1.7,1317.0,1433.0,HKZDfZnkHZxd9agRDNPyDv4iT6LmAurJnpRtj9wpump,https://dexscreener.com/solana/867dkvaccyrrudp66bqnxbujxfjaxsnb9wtpc4cmbdad,Liquidez sweet spot (+25) | Alta atividade (x8.7) (+30)
63,RISCO,Muito novo (0.2h) | Pump extremo 1h (197%),Faucet,solana,0.0001203,29525.43,125322.01,197.0,197.0,120313.0,0.2,920.0,568.0,48iQL3fBXS7u2WJwVDfJZPH3jcAs9MJchUCT6mGdwH2v,https://dexscreener.com/solana/9ahephahwfsjjpmu8b3pbbxzxxgfqh2rappe3m2mgl4y,Liquidez sweet spot (+25) | Alta atividade (x4.2) (+30)
63,RISCO,Muito novo (0.7h) | Pump extremo 1h (321%),ZORILLA,solana,0.0001721,33879.67,358514.12,321.0,321.0,172113.0,0.7,5465.0,5081.0,HEhns9R3D8W4Ls12fjECUEnfPntABqvhTQqc7YYxpump,https://dexscreener.com/solana/gcbqesepdnn3hbdb7znvivmpsoge5a4jerdphyq6wvxb,Liquidez sweet spot (+25) | Alta atividade (x10.6) (+30)
63,RISCO,Muito novo (0.5h) | Pump extremo 1h (2339%),+,robinhood,0.0002681,97668.94,287710.28,2339.0,2339.0,268129.0,0.5,542.0,250.0,0x63abd9857Fe454217a9951ba56CbA836d32338AA,https://dexscreener.com/robinhood/0x118a89fd97500b9a3f1bbc06f6344a173e1ece1e,Liquidez sweet spot (+25)
60,RISCO,Muito novo (1.3h) | Queda forte 1h (-54%),MINE,robinhood,1.7e-05,11719.34,209157.18,-54.23,-65.57,16930.0,1.3,501.0,482.0,0xC10f2E3e5A515F78b99c0209Ea5f98dd47C3241C,https://dexscreener.com/robinhood/0x7f38471fb77e3a85aa1aa637ca5b6fd3606e94456d9dbd8cf102a6289f5de791,Liquidez sweet spot (+25) | Alta atividade (x17.8) (+30)
60,RISCO,Muito novo (0.7h),ALCH,robinhood,3.684e-05,17574.19,158142.55,-28.05,-28.05,36841.0,0.7,741.0,701.0,0x4349c989e56894A22eadd2C7A13960Fa3dEB808D,https://dexscreener.com/robinhood/0x92fded6f0f2a410f970b0f8f6d1c34beb47ce91a59ff8faa09b3332c847d1087,Liquidez sweet spot (+25) | Alta atividade (x9.0) (+30)
60,RISCO,Muito novo (0.6h),KIBSHI,solana,2.788e-05,13169.13,229449.09,-22.29,-22.29,27885.0,0.6,2075.0,1832.0,3BfPfAi8CSftodmXHAjTkmC6ZmUKgi2bfdoF61urXn8s,https://dexscreener.com/solana/hcvkgefhhte7eeuzv91mkjfswgww4yqnha5reeqri2zx,Liquidez sweet spot (+25) | Alta atividade (x17.4) (+30)
48,RISCO,Muito novo (0.2h),BIFLY,robinhood,2.439e-05,12662.19,31416.13,-38.3,-38.3,24394.0,0.2,147.0,162.0,0x881a290D9F75d8346CB890663691D80A50F0BEE8,https://dexscreener.com/robinhood/0x178f02ff2e93fe876a271f0ea4919573c377b2e46d6754ceb292235269437269,Liquidez sweet spot (+25)
44,RISCO,Muito novo (0.5h) | Pump extremo 1h (4876%),SEXFLY,robinhood,0.001968,113737.29,2357372.68,4876.0,4876.0,1968284.0,0.5,7683.0,8214.0,0xA0F46f3868c7F4F8cb2a2A6C929310Af4a879d90,https://dexscreener.com/robinhood/0xfcada2212dc41a40d8a96e92d0d3a5bc355fa6b1875ff453bb62a3793879545f,Liquidez sweet spot (+25) | Alta atividade (x20.7) (+30)
43,RISCO,"Muito novo (0.3h) | Liquidez muito baixa ($4,125) | Queda forte 1h (-94%)",CAT,solana,2.398e-06,4124.98,27091.42,-94.26,-94.26,2399.0,0.3,192.0,231.0,HUBHWGW1ueEfH3nTxAVaUozmNL9gWwZeNEpBFb5fkSDg,https://dexscreener.com/solana/b3vpa4tyqtre9vvtkcgksv8bojl9exx9mrsqgvzixndv,Alta atividade (x6.6) (+30)
43,RISCO,Muito novo (0.6h) | Queda forte 1h (-82%),Samu,robinhood,6.818e-06,6710.56,226919.14,-82.01,-82.01,6819.0,0.6,2243.0,1791.0,0x08b63ad5494285ed7d844b3841bdb257df488073,https://dexscreener.com/robinhood/0xd23aed523d201212fa376c549147deb878845dd00ccf0722cee7c4671fbfb339,Alta atividade (x33.8) (+30)
43,RISCO,Muito novo (0.9h) | Queda forte 1h (-80%),memefi,solana,8.621e-06,7946.58,48517.39,-79.58,-79.58,8622.0,0.9,644.0,546.0,HaBhKyGUPu7iCujokKwmZV1hkPjF8WR9rZysP8CxSTNK,https://dexscreener.com/solana/9sgp3lk2bq2becz2fpwewznfymfdmjjsotcyt66pfjvx,Alta atividade (x6.1) (+30)
43,RISCO,"Muito novo (0.7h) | Liquidez muito baixa ($3,266) | Queda forte 1h (-91%)",FLYBRAIN,solana,3.541e-06,3265.6,99529.18,-91.36,-91.36,3542.0,0.7,1508.0,1245.0,BtzPnBSmeLL4P6bFKzNqxzBar6i8N2BQGe5eYaVncBYy,https://dexscreener.com/solana/azja8zuwlv3qexmasvrmsijcqh86bwxbgtjmqx3oetuk,Alta atividade (x30.5) (+30)
43,RISCO,"Muito novo (0.9h) | Liquidez muito baixa ($4,262) | Queda forte 1h (-86%)",Flyhard,solana,5.066e-06,4261.84,180425.13,-86.32,-86.32,5066.0,0.9,3026.0,2436.0,AwddHmzJdKkeU3vLccjQarx6NGN8nLSDRyFYzWhtpump,https://dexscreener.com/solana/8uvnrxmzv1ntcqjkpwya6rd7u5cv8vfmbekywxdr8cpg,Alta atividade (x42.3) (+30)
